prediction;test_price
27.93;28.78
28.2;28.81
28.28;28.14
28.46;28.2
28.04;28.74
27.83;29.0
28.12;28.63
28.34;28.29
28.33;28.28
28.16;28.16
28.06;27.78
28.08;27.72
27.74;27.16
27.5;27.18
27.21;26.64
27.0;26.31
26.51;26.76
26.13;26.45
26.38;26.48
26.36;26.04
26.22;26.02
26.14;25.1
25.98;24.87
25.24;24.53
24.88;24.88
24.53;25.5
24.63;25.02
24.88;25.62
24.67;25.12
25.1;25.66
24.89;26.03
25.17;26.75
25.53;26.96
26.14;26.23
26.34;27.48
26.08;27.67
26.51;28.02
26.82;27.85
27.18;27.94
27.22;28.6
27.31;28.19
27.78;28.34
27.71;28.08
27.75;28.42
27.64;28.15
27.95;28.41
27.75;28.69
27.7;28.69
27.93;28.88
27.92;28.39
28.32;28.27
28.1;28.27
27.97;27.8
28.31;27.6
27.77;27.26
27.6;26.83
27.21;26.57
26.85;27.21
26.33;27.4
26.66;27.33
26.96;26.85
26.96;26.57
26.57;27.67
26.24;27.25
27.02;27.83
26.9;27.95
27.3;27.99
27.39;27.71
27.31;27.37
27.32;27.04
26.8;27.37
26.62;27.84
26.69;27.53
26.96;27.51
26.93;27.25
27.03;27.5
26.99;27.1
26.84;26.91
26.84;27.35
26.65;26.33
26.81;26.21
26.3;26.11
26.02;26.45
26.07;26.85
26.06;27.33
26.54;27.44
27.07;27.3
27.44;27.6
27.39;27.86
27.45;28.23
27.8;28.29
27.85;28.58
27.96;28.29
28.06;29.05
28.06;29.22
28.45;29.04
28.74;29.42
28.81;30.27
29.04;30.15
29.66;29.92
29.64;30.33
29.66;29.95
29.67;30.36
29.44;30.52
29.61;30.45
29.7;30.29
29.95;29.74
29.7;29.36
29.3;29.32
28.91;28.99
28.87;29.35
28.61;29.54
28.85;29.49
29.09;29.31
29.07;29.05
28.95;28.95
28.84;29.97
28.79;30.09
29.42;28.8
29.62;28.95
28.94;29.51
28.84;29.02
29.1;29.0
29.02;29.6
28.9;29.36
29.25;28.88
29.24;28.74
28.92;28.69
28.66;27.86
28.52;28.26
27.96;28.11
28.08;28.34
27.98;27.51
28.16;27.54
27.68;27.22
27.54;27.09
27.12;26.79
27.04;26.96
26.86;26.24
26.76;26.13
26.26;25.77
25.91;25.82
25.6;25.47
25.42;25.39
25.35;25.67
25.24;26.55
25.3;27.22
25.94;26.96
26.59;26.6
26.71;26.53
26.16;27.17
26.08;27.06
26.56;27.13
26.54;26.61
26.59;26.97
26.28;27.63
26.44;26.48
26.76;26.24
26.31;26.49
26.0;27.31
26.17;27.41
26.68;26.97
26.83;27.94
26.72;28.61
27.09;28.06
27.77;27.69
27.54;28.2
27.37;28.35
27.56;27.99
27.79;27.7
27.67;27.76
27.49;27.77
27.35;28.09
27.32;27.57
27.56;27.66
27.24;27.71
27.28;28.43
27.2;28.22
27.65;28.3
27.93;28.36
27.88;27.51
27.85;27.36
27.25;28.72
26.99;28.29
27.92;28.59
27.97;28.74
28.3;29.01
28.35;28.23
28.53;28.36
28.13;28.08
27.91;29.17
27.7;30.0
28.45;28.71
29.15;28.38
28.55;27.72
28.25;28.33
27.51;28.57
27.98;25.94
28.39;26.77
26.64;26.76
26.65;26.14
26.53;25.77
26.13;24.65
25.72;23.18
24.67;22.4
23.47;20.76
22.75;20.1
21.24;23.31
20.38;22.4
22.3;20.39
22.34;21.17
21.16;21.59
21.12;23.16
21.31;22.08
22.58;20.11
22.16;20.41
20.74;19.72
20.57;18.64
19.82;20.86
18.93;20.91
20.04;22.1
20.43;22.6
21.25;21.84
21.94;22.7
21.38;21.14
22.2;19.9
21.41;20.38
19.97;19.26
20.15;19.0
19.31;17.59
18.88;18.89
17.95;18.39
18.38;17.22
18.45;18.03
17.58;17.4
17.72;16.34
17.73;18.42
17.14;19.37
17.91;19.22
18.76;19.63
18.99;19.65
19.32;17.74
19.49;18.72
18.14;19.14
18.67;19.01
18.85;19.86
18.83;21.74
19.67;20.53
20.97;20.68
20.63;20.21
20.39;20.02
19.81;20.16
19.6;21.06
19.56;20.88
20.17;20.21
20.28;19.86
19.7;19.42
19.62;19.35
19.61;19.47
19.49;19.64
19.27;19.01
19.36;19.9
18.82;20.09
19.42;21.18
19.53;20.81
20.43;21.53
20.19;20.52
20.87;20.28
20.43;19.75
20.14;19.36
19.77;18.77
19.42;18.42
19.0;18.91
18.54;19.0
18.79;17.92
18.95;18.8
18.27;18.57
18.7;18.25
18.72;18.47
18.28;18.82
18.32;19.73
18.49;18.82
19.27;18.31
19.01;17.89
18.49;18.26
18.0;16.82
18.16;16.57
17.25;17.22
16.65;17.21
17.15;16.61
17.09;16.38
16.59;16.67
16.46;16.4
16.47;15.8
16.56;15.61
15.91;15.66
15.62;15.52
15.63;15.03
15.35;15.87
15.3;15.37
15.52;14.93
15.28;14.85
15.25;14.21
15.09;14.49
14.81;15.0
15.01;14.16
14.83;14.02
14.4;13.8
14.42;14.71
13.94;14.69
14.69;15.43
14.67;15.17
15.28;15.24
15.21;15.78
15.33;16.04
15.52;15.67
15.85;15.45
15.67;16.75
15.31;16.19
16.19;16.41
16.13;16.88
16.12;16.46
16.65;15.81
16.15;16.08
15.79;16.64
15.89;17.89
16.06;17.71
17.19;17.37
17.48;16.93
17.14;17.14
16.52;17.6
16.64;17.29
16.91;16.84
16.93;17.47
16.81;18.16
17.25;18.05
17.96;17.19
17.65;17.24
17.1;17.18
17.1;17.38
17.1;17.94
16.89;17.48
17.41;17.28
17.53;18.6
17.63;19.39
18.3;19.43
18.94;20.24
19.41;20.5
19.9;22.91
20.43;22.43
22.02;22.54
22.21;21.88
22.27;21.53
21.59;20.9
21.28;20.79
20.57;20.73
20.55;21.44
20.54;21.09
20.62;20.85
21.17;20.57
20.92;20.99
20.72;21.73
20.8;21.14
21.19;21.24
21.07;21.45
21.02;22.16
21.24;22.25
21.81;22.21
22.07;22.26
22.26;22.09
22.36;22.43
22.32;22.43
22.59;22.22
22.59;22.34
22.43;22.19
22.38;21.47
22.32;20.8
21.59;20.97
21.21;21.0
20.85;20.83
21.01;20.06
20.85;20.26
20.31;20.28
20.19;20.85
20.2;20.75
20.46;20.95
20.39;20.66
20.59;20.76
20.47;20.22
20.86;20.44
20.41;19.95
20.27;19.69
20.3;19.95
20.0;19.84
19.91;20.1
19.67;20.46
19.88;21.32
20.46;21.95
20.88;21.7
21.41;22.46
21.78;22.31
22.45;22.47
22.24;23.73
22.05;23.54
23.21;23.42
23.29;23.35
23.51;22.92
23.36;23.22
22.99;22.24
23.19;22.6
22.48;22.7
22.58;22.38
22.94;22.46
22.54;23.63
22.34;23.41
22.94;22.93
23.28;23.22
23.21;23.25
23.22;22.9
23.35;22.22
23.15;22.31
22.53;22.56
22.37;22.92
22.42;23.72
22.75;23.73
23.39;23.79
23.25;23.91
23.72;23.92
23.94;23.77
23.76;23.06
23.99;22.74
23.4;22.49
22.74;22.53
22.66;22.93
22.65;23.27
22.93;23.86
23.09;25.11
23.56;25.16
24.61;24.86
24.85;25.05
24.76;25.12
25.0;25.2
25.03;25.18
24.93;24.79
25.11;25.13
24.66;24.86
25.16;24.77
24.94;24.46
24.88;25.0
24.64;24.74
24.99;24.31
24.94;24.23
24.6;24.09
24.34;24.5
24.18;24.95
24.19;24.94
24.35;25.39
24.81;25.36
25.27;25.36
25.1;25.16
25.49;25.6
25.3;25.88
25.66;26.03
25.83;26.45
25.9;25.99
26.16;25.88
25.99;26.07
25.47;25.58
25.47;25.37
25.45;24.94
25.32;24.12
24.79;24.92
24.42;24.23
24.79;24.27
24.35;24.46
24.12;24.82
24.37;25.68
24.51;25.29
25.28;25.68
25.27;25.78
25.53;25.93
25.79;25.72
25.73;26.95
25.74;27.18
26.81;27.33
27.44;27.16
27.63;26.75
27.36;26.57
27.06;26.99
26.88;26.77
26.86;27.1
26.87;26.87
27.16;26.76
27.09;27.21
26.89;27.26
27.5;26.86
27.52;27.31
27.25;27.45
27.56;27.17
27.79;27.18
27.58;28.03
27.56;28.39
28.2;28.51
28.58;28.82
28.59;29.05
28.95;28.6
29.31;28.62
29.04;29.02
28.87;28.94
29.12;29.05
29.25;28.92
29.16;28.58
29.03;29.0
28.6;28.91
29.14;28.88
29.12;28.72
29.15;28.65
29.01;28.5
29.05;28.51
29.01;28.55
28.79;28.09
28.49;27.6
28.35;28.03
27.74;27.78
28.04;27.41
27.92;27.77
27.64;27.94
27.75;27.42
27.87;26.85
27.75;26.8
27.44;26.57
27.34;26.26
26.86;26.29
26.55;26.47
26.4;26.44
26.58;26.85
26.5;27.54
26.98;26.57
27.42;26.46
26.74;26.4
26.63;26.73
26.34;26.9
26.5;27.01
26.6;26.93
26.43;27.29
26.6;27.64
26.77;27.78
27.24;27.97
27.37;27.87
27.66;27.69
27.64;28.11
27.57;28.09
27.67;27.98
27.89;28.25
27.76;28.55
27.99;28.34
27.95;29.17
27.96;29.75
28.46;29.73
28.99;29.83
29.18;29.85
29.15;30.28
29.09;30.17
29.52;30.2
29.63;30.23
29.7;30.23
29.7;30.26
29.6;30.13
29.7;30.41
29.48;30.46
29.78;30.8
30.1;31.43
30.48;31.63
30.89;31.49
31.22;31.44
31.17;31.27
31.12;31.84
30.91;31.54
31.23;31.77
30.9;31.63
31.0;31.95
31.0;32.44
31.54;32.15
31.97;32.1
32.0;32.42
31.87;32.6
32.17;32.09
32.21;32.4
32.04;32.73
32.2;32.75
32.22;32.94
32.38;32.95
32.7;33.18
32.91;32.53
33.23;32.5
32.96;33.34
32.72;33.0
33.12;33.64
32.92;32.77
33.39;31.65
32.79;30.46
31.7;29.92
30.6;31.61
30.05;32.03
31.16;31.46
31.83;31.12
31.77;30.51
31.61;30.63
30.91;30.21
30.72;29.91
30.47;28.65
30.08;29.44
29.2;29.09
29.24;28.95
29.11;29.62
28.97;30.78
29.36;29.93
30.37;29.85
29.95;31.12
29.61;31.09
30.26;30.17
30.57;29.59
30.09;29.69
29.45;29.5
29.33;30.55
29.25;30.67
29.82;30.39
30.16;31.34
30.1;31.16
30.72;31.41
30.8;31.48
30.89;31.4
31.16;30.77
31.05;30.76
30.66;30.09
30.42;29.99
30.0;29.75
29.82;28.93
29.39;28.21
28.98;28.2
28.18;28.11
28.03;28.41
28.02;29.68
28.51;29.86
29.38;30.23
29.63;30.25
29.98;30.86
29.78;30.67
30.36;30.5
30.21;29.58
30.29;29.83
29.56;29.91
29.46;29.39
29.69;30.09
29.37;30.57
29.61;30.81
29.8;30.7
29.93;30.49
29.82;30.19
29.54;30.17
29.47;30.88
29.41;30.64
29.86;31.2
29.96;31.33
30.47;31.35
30.78;31.49
30.87;31.61
30.99;30.65
31.08;30.44
30.37;30.17
30.21;30.15
29.91;30.24
29.73;30.37
29.79;29.73
30.02;29.6
29.46;29.49
29.29;28.79
29.16;28.76
28.7;28.61
28.48;29.36
28.25;28.97
28.83;29.14
28.74;30.01
28.92;30.37
29.53;31.05
29.9;30.31
30.32;30.31
29.95;30.52
29.73;30.59
29.86;30.69
29.83;30.5
29.96;30.64
29.82;30.6
29.95;30.95
30.23;31.26
30.25;30.9
30.22;30.44
30.04;29.66
29.71;30.08
29.02;29.82
29.26;29.75
29.29;29.57
29.12;29.65
28.93;29.86
29.0;29.68
29.33;30.3
29.32;30.2
29.58;30.37
29.69;30.91
29.85;30.96
30.25;30.88
30.44;31.27
30.57;31.21
30.66;31.24
30.69;31.12
30.65;30.67
30.82;31.01
30.4;31.06
30.54;31.32
30.58;31.76
30.61;32.21
31.06;32.17
31.38;32.7
31.48;32.36
31.96;32.27
31.7;32.34
31.59;32.5
31.6;33.17
31.89;33.32
32.4;33.19
32.85;33.01
32.86;33.13
32.68;32.18
32.63;33.81
31.89;33.36
32.97;33.07
32.75;33.34
32.53;33.66
32.62;33.15
32.88;33.09
32.95;32.35
32.97;33.02
32.6;32.87
32.93;32.62
32.75;32.7
32.56;33.25
32.62;33.44
32.89;33.67
33.03;33.64
33.17;33.43
33.27;33.11
33.36;33.27
33.18;33.19
33.02;33.62
32.94;33.72
33.19;33.46
33.45;33.51
33.23;33.55
33.16;33.56
33.05;33.8
32.98;34.36
33.09;34.14
33.41;33.94
33.6;33.83
33.28;34.05
33.18;33.94
33.25;33.96
33.02;34.24
33.13;35.3
33.3;36.18
34.02;35.9
34.68;35.72
34.7;35.77
34.68;35.67
34.72;35.47
34.76;35.55
34.6;35.58
34.63;35.67
34.63;35.39
34.74;35.47
34.44;35.98
34.28;36.16
34.7;36.09
35.04;35.71
35.18;35.73
35.0;35.18
34.89;35.19
34.45;36.11
34.33;36.66
34.82;36.67
35.29;36.86
35.4;37.07
35.77;37.29
35.95;39.26
36.33;39.22
37.63;39.31
38.19;39.15
38.27;39.02
37.87;39.57
37.75;39.57
38.14;39.44
38.3;38.62
38.07;38.15
37.58;38.41
37.1;38.89
37.09;39.6
37.49;38.93
38.08;39.2
38.05;39.9
38.05;39.43
38.48;38.95
38.34;39.12
38.34;39.04
38.21;38.45
38.27;38.87
38.15;38.25
38.42;37.68
38.07;36.76
37.66;36.91
36.72;37.33
36.44;37.87
36.5;37.52
37.08;38.25
37.3;38.81
37.68;38.91
38.2;38.5
38.27;38.88
38.06;39.25
38.07;39.02
38.55;38.8
38.52;38.6
38.17;38.42
37.98;38.27
37.9;38.07
37.76;37.81
37.65;37.93
37.34;37.69
37.04;37.76
36.43;37.14
36.44;37.59
36.3;37.3
36.59;37.44
36.52;38.07
36.58;38.27
37.04;37.97
37.54;38.33
37.32;38.55
37.42;38.95
37.38;39.02
37.6;39.18
37.88;39.0
38.31;38.59
38.3;38.65
37.93;38.99
37.99;39.02
38.02;39.76
38.11;37.59
38.62;37.65
37.3;37.59
36.85;37.06
36.69;37.13
36.39;37.5
36.37;37.47
36.67;37.58
36.63;37.27
36.69;37.21
36.34;37.24
36.13;37.11
36.07;37.59
36.19;37.69
36.49;36.58
36.73;36.27
35.99;35.66
35.51;35.67
35.14;35.63
34.86;35.52
34.87;35.65
34.6;34.86
34.65;34.74
34.15;34.94
33.93;34.76
34.1;34.42
34.16;34.44
33.83;34.62
33.65;35.11
33.77;34.69
34.09;34.24
34.01;34.03
33.57;34.47
33.38;34.33
33.75;34.72
33.56;35.35
33.99;35.96
34.53;36.19
35.15;35.83
35.32;35.98
35.01;36.14
35.06;35.51
34.94;35.45
34.63;35.82
34.51;35.84
34.82;35.56
34.79;35.09
34.65;35.8
34.21;35.64
34.59;36.89
34.54;36.81
35.25;36.73
35.53;36.68
35.53;35.78
35.52;35.67
34.85;34.97
34.45;34.81
34.01;33.47
33.76;33.89
32.9;32.01
33.04;31.85
31.94;29.91
31.57;31.42
30.02;28.56
30.55;29.08
29.16;29.96
28.85;30.47
29.15;30.26
29.59;30.21
29.66;29.47
29.7;28.84
29.28;28.99
28.82;29.07
28.68;29.44
28.48;28.98
28.95;29.34
28.62;30.02
28.53;30.41
28.86;30.84
29.36;30.22
29.62;29.39
29.35;28.76
28.51;29.54
28.09;28.93
28.35;28.11
28.0;28.33
27.61;28.48
27.41;29.24
27.44;29.83
28.12;29.8
28.72;29.44
28.93;29.26
28.78;28.32
28.68;26.76
28.2;27.01
27.06;27.44
26.69;28.21
26.96;27.6
27.4;27.75
27.23;27.31
27.37;26.26
27.15;27.04
26.44;28.53
26.84;29.0
27.75;28.7
28.48;29.88
28.28;29.53
29.02;30.57
28.73;30.38
29.45;31.21
29.3;30.23
30.02;30.73
29.54;30.43
29.74;30.64
29.46;31.84
29.65;32.03
30.39;31.25
30.86;31.74
30.57;32.85
30.73;32.79
31.41;31.58
31.51;30.42
31.01;30.85
30.18;31.72
30.51;31.47
31.16;31.83
31.24;31.95
31.13;30.6
31.3;31.36
30.47;33.23
30.8;32.7
32.15;33.0
32.14;32.17
32.39;31.83
31.87;32.26
31.38;31.08
31.83;30.8
31.02;30.24
30.58;30.34
30.06;30.85
29.74;30.79
30.13;32.46
30.04;32.59
31.1;33.15
31.54;33.45
31.84;33.35
32.25;33.59
32.43;32.52
32.52;33.1
31.83;33.18
31.78;32.9
31.64;32.37
31.7;32.4
31.51;32.52
31.6;31.99
31.25;33.3
30.87;33.39
31.68;34.02
32.09;34.71
32.4;34.63
33.27;34.29
33.3;34.72
32.98;34.52
33.54;35.27
33.78;35.77
34.69;36.37
34.76;36.74
35.27;36.6
35.62;36.49
35.64;35.63
35.46;35.66
35.07;35.35
34.7;35.43
34.42;35.92
34.24;36.31
34.72;36.19
35.34;36.14
35.41;36.14
35.74;36.42
35.65;36.23
35.92;36.14
35.83;35.9
35.56;35.81
35.28;36.21
35.05;35.82
35.19;36.83
35.15;37.25
35.52;37.73
36.12;38.0
36.33;38.23
36.9;38.16
37.02;38.47
37.14;38.3
37.12;37.98
37.26;38.24
37.11;38.44
37.19;38.27
37.31;38.0
37.24;38.19
37.13;38.03
37.31;38.34
37.27;38.6
37.43;38.66
37.69;39.03
37.99;39.0
38.31;39.31
38.34;38.67
38.32;38.44
37.83;38.69
37.43;38.89
37.71;38.98
37.85;40.52
37.96;40.03
39.01;40.02
39.13;39.76
39.18;39.99
38.85;39.81
38.92;39.84
38.75;39.86
38.59;40.19
38.6;40.86
38.67;40.65
39.12;40.06
39.11;39.6
38.82;40.31
38.49;40.36
38.97;39.86
38.86;39.52
38.64;39.66
38.14;38.77
38.08;37.74
37.45;38.09
36.81;38.81
36.73;38.53
37.17;38.35
37.43;39.29
37.48;39.12
38.19;38.74
38.25;38.99
38.14;38.68
38.08;38.83
37.85;39.31
37.76;39.92
38.12;39.91
38.45;39.69
38.67;40.32
38.85;40.09
39.45;40.33
39.15;39.52
39.22;40.34
38.63;40.79
38.73;41.45
39.03;41.69
39.47;41.95
39.78;41.59
40.3;41.44
40.33;41.5
40.33;40.81
40.23;40.33
39.92;40.87
39.26;40.87
39.3;40.7
39.37;40.91
39.37;40.97
39.31;41.87
39.34;41.61
40.14;42.08
40.48;40.88
40.45;40.89
39.86;41.28
39.88;41.92
39.92;42.01
40.53;42.57
40.79;42.17
41.33;42.7
41.3;42.56
41.91;43.44
42.37;43.35
42.66;43.36
42.62;43.74
42.48;43.94
42.61;43.64
42.82;43.7
42.73;42.99
42.84;43.55
42.23;44.07
42.43;44.03
43.01;44.65
43.22;44.85
43.5;44.73
43.77;44.29
43.66;44.23
43.55;44.19
43.29;43.6
43.39;43.52
42.82;43.65
42.65;44.37
42.47;44.06
43.0;45.43
43.16;45.43
44.15;45.1
44.29;44.73
43.99;44.17
43.66;44.34
43.05;44.47
43.02;45.77
43.09;45.98
43.85;45.85
44.28;45.24
44.27;44.95
43.85;45.09
43.7;45.82
43.81;45.71
44.28;45.86
44.34;46.48
44.27;46.0
44.73;45.71
44.46;45.9
43.99;45.75
43.96;45.93
43.65;46.26
43.66;46.46
44.05;46.45
44.68;45.7
44.92;45.72
44.26;45.27
43.95;45.63
43.64;45.69
43.8;45.69
43.8;46.07
43.67;45.5
43.79;45.54
43.42;45.72
43.48;46.76
43.83;47.75
44.92;47.63
45.55;47.43
45.74;47.47
45.61;47.6
45.43;48.43
45.43;48.2
46.07;48.01
45.78;47.78
45.61;48.52
45.31;48.48
46.14;48.56
46.47;48.72
46.49;48.37
46.56;47.82
46.32;48.41
45.67;48.13
45.97;47.94
46.18;47.54
46.02;48.31
45.58;48.45
46.02;48.77
46.52;48.18
46.87;47.42
46.5;47.15
45.79;46.35
45.24;46.58
44.61;46.76
44.56;47.17
44.6;48.14
44.82;48.26
45.23;47.78
45.48;47.68
45.28;46.73
45.4;46.63
44.86;46.27
44.57;46.11
44.2;45.22
43.93;45.83
43.48;45.9
43.45;46.33
43.48;46.47
43.76;46.11
43.93;46.07
43.71;43.33
43.81;43.69
42.01;44.15
41.6;43.43
41.79;43.7
41.55;43.66
41.56;44.11
41.73;44.6
41.9;44.82
42.42;45.35
42.49;45.14
42.61;44.74
42.73;45.3
42.24;45.78
42.68;45.72
43.13;45.38
43.17;45.39
42.95;45.66
42.65;45.86
42.69;46.03
42.83;46.09
42.8;46.25
43.09;46.4
43.51;45.91
43.71;45.5
43.45;46.07
42.96;46.95
43.11;46.68
43.54;47.61
43.35;46.74
44.0;46.63
43.9;46.6
43.85;46.3
43.84;45.95
43.71;46.54
43.45;47.77
43.74;47.87
44.45;48.79
44.76;47.65
45.23;47.45
44.46;47.47
44.2;47.48
44.25;47.28
44.43;47.29
44.53;47.76
44.63;48.17
44.81;48.99
45.22;48.93
45.69;49.29
45.62;50.43
45.69;50.43
46.38;50.83
46.71;50.82
47.16;50.47
47.52;50.28
47.27;50.37
47.08;51.03
47.07;50.39
47.49;50.75
47.21;50.97
47.31;50.82
47.5;51.1
47.45;51.18
47.49;51.37
47.65;51.38
48.1;51.3
48.16;51.98
48.15;52.1
48.68;51.04
48.88;50.64
48.22;50.71
47.67;50.1
47.87;50.39
47.49;50.93
47.57;51.03
47.89;51.72
47.86;52.16
48.19;52.8
48.41;52.69
48.8;52.65
49.04;53.65
49.0;53.9
49.31;53.39
49.75;53.6
49.64;53.98
49.53;53.83
49.68;53.12
49.54;52.64
49.31;53.23
48.69;52.64
48.8;53.08
48.71;52.54
48.62;52.94
48.58;52.79
48.68;53.1
48.75;52.99
48.82;53.71
48.95;53.52
49.46;53.83
49.7;53.94
49.98;54.98
50.4;55.28
51.19;56.19
51.44;56.6
51.87;56.6
52.08;55.04
51.9;56.79
51.13;56.72
51.93;56.08
52.26;57.55
51.74;57.97
52.34;58.51
52.79;57.9
53.02;57.96
52.92;57.84
52.83;58.89
52.82;58.74
53.35;59.09
53.44;59.71
53.66;60.57
53.93;60.82
54.42;61.76
55.0;61.69
55.7;62.32
55.84;62.82
56.46;62.93
56.87;63.07
56.8;63.26
56.6;62.14
56.54;62.24
56.07;61.81
56.02;61.54
55.73;61.29
55.48;60.98
55.23;61.22
55.03;62.34
55.22;61.94
55.79;60.43
55.89;58.97
54.89;59.64
53.75;60.15
53.71;59.0
54.0;59.02
53.72;60.62
53.56;59.67
54.53;59.64
54.31;58.88
54.31;60.11
54.0;59.64
54.28;60.28
54.17;61.03
54.05;60.14
54.36;57.94
54.05;58.64
52.83;58.37
52.92;58.49
52.87;59.09
52.87;59.57
53.23;59.03
53.51;59.76
53.21;59.14
53.27;59.46
53.07;59.66
52.93;60.49
53.31;60.71
53.93;60.68
54.47;62.24
54.52;62.61
55.06;61.63
55.54;60.79
55.06;61.1
54.27;61.53
54.28;60.91
54.52;60.2
54.31;60.25
53.79;60.43
53.77;60.34
53.85;60.74
53.75;60.4
53.8;60.0
53.74;60.43
53.41;61.1
53.82;62.17
54.41;61.72
55.18;62.68
55.22;61.61
55.56;61.46
55.12;60.51
55.02;59.76
54.45;59.81
53.72;59.79
53.62;58.31
53.47;58.12
52.66;57.8
52.43;57.85
52.38;57.15
52.61;57.62
52.06;57.7
52.47;57.35
52.54;56.73
52.23;56.84
51.91;57.1
51.95;56.86
52.39;56.96
52.04;57.13
52.38;57.3
52.78;57.39
53.08;57.57
52.84;58.73
52.83;59.77
53.4;61.22
53.95;62.34
54.94;62.58
56.23;62.61
56.63;62.73
56.6;61.43
56.92;60.77
56.42;60.53
55.52;60.13
55.1;60.25
54.35;60.99
54.28;60.94
54.67;60.28
54.49;60.6
54.47;60.65
54.5;59.85
54.32;61.04
53.73;60.38
54.06;59.83
53.99;59.44
53.82;61.3
53.63;61.89
54.47;62.47
55.15;62.11
55.61;62.02
55.66;62.09
55.44;62.77
55.13;63.2
55.34;64.5
55.52;63.68
56.05;64.55
55.53;64.74
55.89;64.5
56.22;64.43
56.09;64.01
56.38;64.12
56.32;64.51
56.48;64.32
57.01;64.36
56.82;64.5
56.5;62.77
56.53;64.11
55.78;63.88
56.41;63.35
56.18;64.47
56.04;65.45
56.88;65.44
57.58;64.97
57.76;64.61
57.68;64.72
57.65;65.38
57.67;65.62
57.96;65.19
58.26;66.54
58.16;66.16
58.44;65.94
58.3;66.29
58.38;65.34
58.25;65.41
57.7;65.65
57.8;66.8
57.87;66.47
58.54;66.9
58.44;65.92
58.41;65.89
57.76;65.88
57.55;66.73
57.53;66.87
57.98;68.33
58.33;69.05
59.07;68.51
59.72;69.35
59.58;69.89
60.06;70.62
60.49;70.36
60.88;72.14
60.72;72.3
61.53;72.18
61.82;72.03
61.95;71.75
61.89;72.24
61.78;71.18
61.88;70.88
61.72;71.34
61.37;69.34
61.49;70.45
60.28;70.29
60.48;70.23
60.27;70.01
60.15;70.22
60.32;71.27
60.36;70.78
60.78;68.82
60.82;68.37
59.68;68.97
59.05;67.5
59.17;69.29
58.7;68.71
59.54;66.23
59.28;67.24
57.99;67.91
58.21;71.51
58.35;71.61
60.27;72.92
61.2;73.62
61.71;73.73
62.16;73.72
62.34;74.98
62.48;75.31
62.8;74.64
62.82;74.94
62.41;75.83
62.46;76.4
62.31;75.91
62.73;75.78
62.61;76.16
62.17;76.47
62.3;75.2
62.4;77.33
61.84;78.24
62.94;78.87
63.12;77.8
63.82;77.57
63.49;76.7
63.58;77.01
63.35;75.64
63.64;75.77
62.98;77.02
62.85;77.59
63.08;76.2
63.27;76.47
62.94;76.04
62.45;75.22
62.24;75.28
62.08;74.4
62.04;74.27
61.68;74.75
61.77;75.77
62.1;77.19
62.67;77.29
63.62;77.31
64.07;76.11
64.36;74.88
63.67;75.3
62.65;76.15
62.69;73.35
62.87;72.88
61.52;73.45
61.11;73.49
61.17;74.71
61.23;75.7
61.92;74.86
62.73;75.19
62.43;75.25
62.84;75.32
62.85;74.03
62.82;73.61
62.32;74.42
62.0;75.08
62.67;75.29
63.15;76.0
63.68;76.86
64.19;76.68
64.7;75.98
64.56;77.22
64.26;77.55
64.41;78.0
64.95;77.68
65.1;76.58
64.83;75.85
63.98;76.08
63.53;76.7
63.51;76.74
63.64;77.78
63.71;77.93
63.93;78.85
63.75;79.25
64.36;79.11
64.77;79.52
64.7;79.5
64.37;79.75
64.34;79.38
64.79;79.72
65.01;80.23
65.08;80.07
65.68;80.89
65.94;80.2
65.82;79.79
65.87;78.36
65.87;78.36
65.32;78.83
65.07;78.7
65.31;79.09
65.3;79.27
65.44;78.38
65.55;78.32
65.26;78.24
65.11;79.4
65.06;79.92
66.15;80.72
66.98;81.14
67.25;81.83
67.45;81.8
67.78;82.18
67.91;81.94
67.74;81.25
67.8;82.54
67.66;82.2
67.96;82.23
67.88;82.1
68.17;81.53
67.82;80.77
67.3;80.47
66.8;81.21
66.65;81.14
66.56;81.58
66.48;81.42
66.69;82.14
66.7;81.6
66.9;82.47
66.89;81.57
67.04;82.53
66.44;81.27
66.46;80.8
65.9;82.56
65.73;82.09
66.27;81.94
66.06;80.92
65.9;82.19
65.32;82.8
65.46;82.53
65.99;82.9
66.21;83.85
66.33;84.49
66.84;85.14
67.33;85.26
68.21;85.02
68.37;85.53
68.48;85.63
68.68;85.53
69.04;85.19
68.86;85.52
68.66;85.39
68.61;85.06
68.3;85.93
67.73;86.06
67.8;85.3
68.06;86.06
68.11;85.7
68.28;84.79
68.27;84.72
67.77;85.14
67.52;84.86
67.98;85.25
68.17;85.43
68.35;85.48
68.7;85.49
68.73;85.63
68.27;84.5
68.31;83.57
67.93;84.65
67.23;83.34
67.74;83.98
66.98;84.06
67.23;84.25
67.65;82.79
67.62;82.13
67.04;83.7
66.45;83.81
67.07;82.44
67.5;83.38
67.1;81.11
67.37;81.64
66.42;79.41
66.33;79.62
65.19;77.68
64.9;77.35
63.91;79.33
63.32;80.93
64.13;82.84
65.12;82.43
66.23;83.27
66.34;83.85
66.56;83.7
67.02;85.1
66.95;84.73
67.5;85.38
67.56;86.48
68.15;86.79
68.42;85.5
68.59;86.12
68.02;87.06
67.62;85.17
67.61;84.96
66.77;85.15
66.63;85.08
66.24;85.63
66.09;85.93
66.82;85.56
67.01;85.44
67.21;85.0
67.39;84.13
67.42;84.19
66.87;85.72
66.35;86.73
67.28;86.99
68.08;87.55
68.43;87.73
68.64;88.45
68.89;88.11
69.12;88.23
69.12;88.73
68.98;88.77
68.93;87.95
68.65;86.71
68.0;87.93
67.4;87.68
67.97;87.12
68.17;86.42
68.27;87.58
67.71;88.75
67.58;89.02
67.73;90.28
68.06;90.75
68.55;90.49
68.8;91.07
68.65;91.52
69.07;90.76
69.47;90.27
69.38;89.85
69.35;88.53
69.08;88.06
68.32;88.96
68.19;89.88
68.62;90.33
68.94;90.53
69.38;91.23
69.53;90.31
69.81;90.42
69.41;91.22
69.35;90.8
69.81;90.25
69.99;91.19
70.18;90.78
70.73;91.02
70.84;90.06
71.01;88.81
70.5;89.34
69.75;87.17
69.6;88.1
68.64;90.18
68.39;97.06
69.15;98.37
72.09;97.77
73.64;97.49
73.57;97.68
73.16;97.63
73.09;99.27
73.29;99.83
73.86;99.78
74.25;99.54
74.13;99.56
73.67;100.2
73.25;100.62
73.51;100.31
73.83;101.17
74.0;100.21
74.29;99.75
73.89;101.48
73.52;101.92
74.44;101.17
74.93;100.66
75.07;99.5
74.9;100.88
74.36;98.8
74.79;98.61
74.32;102.71
73.99;102.01
75.2;102.9
75.17;102.51
75.38;103.47
74.83;102.9
75.02;103.92
74.85;103.71
74.91;102.65
74.79;100.63
74.73;100.86
73.88;101.09
73.63;101.7
73.84;100.52
74.13;101.05
74.12;101.59
74.38;101.23
74.23;101.04
74.03;101.93
73.61;102.32
73.9;102.5
74.23;102.08
74.55;102.22
74.29;102.53
74.52;103.6
74.8;102.25
75.2;103.71
74.96;103.2
75.16;103.45
74.97;104.46
74.6;104.97
74.85;105.57
75.12;105.34
75.1;105.24
74.95;104.19
75.05;105.92
74.48;106.41
74.9;106.2
75.55;105.15
76.07;104.71
75.48;105.53
75.01;104.08
75.44;104.69
74.65;104.64
74.34;105.35
74.17;105.71
74.26;105.74
74.6;105.96
74.69;105.61
74.77;105.79
74.52;105.67
74.47;104.88
74.64;105.77
74.31;105.93
74.27;105.77
74.42;106.34
74.68;106.14
74.76;106.54
74.58;105.71
74.69;105.71
74.51;104.74
74.36;104.0
73.93;105.42
73.83;106.01
74.41;105.37
74.83;105.59
74.68;106.44
74.52;106.85
74.81;108.51
75.08;107.93
75.95;108.8
76.34;109.65
76.55;109.03
77.3;109.68
77.33;110.2
77.4;108.34
77.6;109.39
76.92;110.98
77.27;110.82
77.42;111.53
77.43;112.88
77.81;111.04
78.31;111.43
77.77;112.24
77.6;113.79
77.74;113.6
78.16;114.03
78.23;114.78
78.16;114.57
78.51;115.27
78.59;115.01
79.11;115.03
79.58;114.52
79.59;114.62
79.13;113.99
79.23;114.19
78.88;115.52
78.73;115.7
79.12;115.67
79.28;116.75
79.39;117.3
79.52;106.54
79.87;104.64
76.76;105.41
74.77;107.0
74.47;104.11
75.04;103.13
74.66;103.64
74.28;103.3
74.5;105.12
74.85;103.08
75.52;102.61
75.39;96.41
75.26;95.28
73.37;91.92
72.04;92.43
70.85;95.65
70.98;98.49
72.69;98.78
74.25;98.21
74.53;95.92
74.41;98.22
72.56;98.31
72.97;97.33
73.29;100.26
73.0;98.23
73.95;98.9
73.22;100.71
73.27;100.08
73.98;99.7
73.82;100.21
73.26;100.44
73.6;99.13
73.41;99.68
73.28;98.79
73.4;97.91
73.29;96.99
72.63;96.68
72.38;94.94
72.52;95.83
71.72;98.51
71.85;98.97
73.17;99.29
74.43;100.1
75.04;100.03
76.05;99.66
76.02;100.84
75.56;101.75
75.77;102.51
75.77;102.75
76.07;101.92
75.68;104.0
74.74;104.34
75.11;105.52
75.56;105.88
76.5;106.12
77.19;109.17
76.93;109.01
77.77;109.43
77.43;109.67
77.18;110.22
77.0;110.89
77.65;109.64
78.16;110.89
77.84;111.37
78.51;109.17
78.97;108.92
78.38;111.5
78.07;112.22
78.77;113.19
79.1;112.32
79.26;112.02
79.37;110.7
79.1;111.74
79.03;111.94
79.34;113.88
79.41;114.43
79.57;115.74
79.43;115.11
79.79;113.7
80.11;114.39
79.53;110.98
79.34;109.38
77.96;111.23
76.9;109.89
76.81;107.85
76.47;110.12
75.58;109.73
75.3;108.42
75.29;107.45
75.01;107.45
74.55;104.81
74.47;106.08
73.45;108.81
73.49;110.39
74.09;108.66
74.92;104.5
74.27;103.4
73.1;103.55
72.17;102.41
71.5;102.7
71.01;104.04
70.79;103.88
71.74;103.16
71.58;101.94
71.51;99.9
71.05;97.88
70.64;97.36
70.09;96.53
70.05;96.28
69.42;96.93
69.37;98.43
70.15;95.54
71.39;96.15
70.83;91.09
71.3;91.16
69.9;89.77
69.38;91.21
68.23;94.0
68.24;92.44
69.81;93.39
69.83;91.5
70.47;90.74
69.92;92.96
69.51;92.31
70.32;90.34
70.49;92.3
69.79;92.58
70.13;91.09
70.4;89.37
69.99;89.56
69.07;86.19
69.34;87.61
67.96;88.43
68.84;90.13
69.0;92.65
69.74;92.33
70.71;92.17
70.72;93.49
70.92;92.53
71.42;92.58
71.45;92.79
71.17;92.46
71.4;92.67
71.58;94.73
71.9;94.1
72.29;95.87
71.56;95.54
72.08;96.42
71.75;94.9
72.29;94.74
71.76;94.14
71.39;95.01
70.99;95.86
71.15;95.3
71.39;95.5
71.73;96.62
72.9;96.24
73.88;95.52
73.85;94.66
73.15;93.94
72.18;94.31
71.12;95.16
70.84;95.23
71.1;95.95
71.25;96.34
71.15;96.11
71.73;95.73
71.4;94.1
71.24;94.57
70.24;93.29
69.1;93.54
68.23;93.39
67.71;94.44
67.72;96.51
68.65;95.68
70.1;95.64
70.17;98.45
69.85;99.57
70.96;100.18
70.72;99.83
70.79;100.67
70.6;101.45
70.62;101.76
71.38;102.13
71.94;100.92
71.86;100.17
71.29;101.24
70.73;100.68
71.31;100.57
71.61;101.79
71.59;102.39
71.81;102.19
71.97;103.41
71.59;99.23
71.41;98.67
70.2;97.52
70.16;97.36
69.95;96.95
70.02;96.04
70.04;95.47
69.91;96.8
69.67;96.22
70.24;96.54
70.38;96.88
70.6;96.83
70.65;97.29
71.15;96.25
71.75;95.58
71.29;95.77
70.77;95.8
70.95;95.83
71.2;95.41
70.93;95.11
72.01;94.92
72.77;94.43
73.36;94.65
72.15;95.46
72.16;95.33
72.3;95.44
72.45;96.04
72.89;96.59
73.82;95.87
74.01;95.84
74.57;96.06
74.73;92.86
75.09;91.56
74.59;93.18
73.87;94.08
73.44;94.9
73.92;95.1
74.47;94.74
74.15;95.51
74.59;96.16
74.78;97.35
74.53;97.7
75.42;97.91
75.74;97.6
75.76;97.69
75.34;97.52
74.54;97.86
74.16;97.2
73.99;95.98
73.49;95.77
72.53;95.48
72.19;95.17
71.25;94.48
70.87;94.13
70.41;93.72
69.7;93.76
69.38;93.36
69.48;92.84
69.08;93.9
68.6;92.99
68.8;93.64
68.91;93.56
69.54;94.46
69.33;95.63
69.66;95.54
70.32;94.63
70.12;94.88
69.77;94.67
69.38;94.66
68.73;94.44
68.59;94.19
68.27;93.68
67.53;93.78
67.45;93.63
67.59;93.37
67.74;93.04
67.42;92.7
67.11;92.69
66.96;92.3
67.25;92.11
67.37;92.26
66.74;91.66
66.69;91.57
66.2;91.94
65.9;90.31
66.27;91.5
65.9;90.58
66.44;90.15
66.25;90.39
66.22;90.45
66.14;90.51
66.68;90.83
66.75;90.28
67.05;91.28
66.66;91.14
66.63;89.86
67.01;89.63
67.12;90.09
67.1;89.7
67.21;90.74
66.92;90.38
67.51;90.48
66.95;90.34
66.75;90.71
67.29;90.38
67.3;90.38
67.5;89.76
67.66;89.32
67.8;89.04
67.86;89.22
67.77;88.76
68.25;89.09
68.31;89.83
68.54;89.93
68.93;90.91
69.46;91.24
70.34;90.63
70.38;91.36
70.03;91.87
70.15;91.71
71.17;90.57
71.41;90.28
71.61;89.81
71.63;91.24
71.04;90.34
71.59;92.27
71.37;92.22
71.6;92.48
71.94;92.79
71.93;95.45
71.96;95.68
73.38;95.47
73.97;96.86
74.34;97.1
74.99;96.0
74.89;95.4
73.89;95.48
73.53;96.02
73.67;96.56
73.9;96.71
74.1;97.39
74.15;96.86
73.99;96.68
73.78;96.25
73.6;97.68
73.0;98.36
73.01;99.66
73.44;101.8
74.0;103.26
74.98;102.47
76.21;102.26
76.4;102.46
76.11;102.79
76.06;102.32
75.64;103.69
75.05;103.85
75.47;103.94
75.56;103.81
75.37;103.54
74.97;103.56
74.39;102.7
74.13;102.96
73.68;102.62
